engagement_field,chart_field,n,r,abs_r
pass_rate,ioi_mean_ms,10027,0.6559,0.6559
pass_rate,ioi_median_ms,10027,0.6215,0.6215
pass_rate,gap_peak_mass_total,10027,-0.6118,0.6118
pass_rate,density_mean,10027,-0.6067,0.6067
pass_rate,ioi_p95_ms,10027,0.6059,0.6059
pass_rate,events_per_sec,10027,-0.6042,0.6042
pass_rate,star_rating,10027,-0.6011,0.6011
pass_rate,ratio_peak_mass_total,10027,-0.5909,0.5909
pass_rate,total_events,10027,-0.5895,0.5895
pass_rate,density_peak,10027,-0.588,0.588
pass_rate,dominant_ioi_ms,10027,0.5577,0.5577
pass_rate,density_std,10027,-0.527,0.527
pass_rate,duration_s,10027,-0.4724,0.4724
pass_rate,ioi_p99_ms,10027,0.4647,0.4647
pass_rate,over_pspace_self,10027,-0.4591,0.4591
playcount,events_per_sec,10027,0.378,0.378
playcount,density_mean,10027,0.3757,0.3757
pass_rate,ratio_metronome_distance,10027,0.3515,0.3515
playcount,star_rating,10027,0.3433,0.3433
bpm_set,density_mean,10027,0.3347,0.3347
bpm_set,events_per_sec,10027,0.3294,0.3294
playcount,density_peak,10027,0.3269,0.3269
bpm_set,density_peak,10027,0.3205,0.3205
bpm_set,star_rating,10027,0.3174,0.3174
playcount,density_std,10027,0.303,0.303
pass_rate,estimated_bpm,10027,-0.2944,0.2944
bpm_set,density_std,10027,0.2852,0.2852
pass_rate,ioi_std_ms,10027,0.2755,0.2755
bpm_set,ioi_mean_ms,10027,-0.2704,0.2704
playcount,ratio_metronome_distance,10027,-0.2691,0.2691
pass_rate,gap_peak_falloff,10027,0.269,0.269
bpm_set,over_pspace_self,10027,0.2635,0.2635
bpm_set,estimated_bpm,10027,0.2616,0.2616
bpm_set,ioi_median_ms,10027,-0.2539,0.2539
bpm_set,ioi_p95_ms,10027,-0.2522,0.2522
bpm_set,dominant_ioi_ms,10027,-0.245,0.245
pass_rate,streak_event_fraction,10027,-0.2435,0.2435
passcount,events_per_sec,10027,0.2413,0.2413
pass_rate,ratio_peak_count,10027,0.241,0.241
pass_rate,ratio_peak_falloff,10027,0.24,0.24
playcount,over_pspace_self,10027,0.239,0.239
playcount,mean_streak_len,10027,0.2383,0.2383
passcount,density_mean,10027,0.2356,0.2356
playcount,ioi_mean_ms,10027,-0.2332,0.2332
pass_rate,longest_streak,10027,-0.226,0.226
playcount,ioi_median_ms,10027,-0.223,0.223
playcount,ioi_p95_ms,10027,-0.2199,0.2199
bpm_set,gap_peak_mass_total,10027,0.217,0.217
playcount,ratio_peak_count,10027,-0.2164,0.2164
pass_rate,density_cv,10027,0.2044,0.2044
pass_rate,mean_streak_len,10027,-0.2026,0.2026
passcount,star_rating,10027,0.2019,0.2019
bpm_set,total_events,10027,0.1999,0.1999
playcount,gap_peak_mass_total,10027,0.1987,0.1987
playcount,ioi_p99_ms,10027,-0.197,0.197
passcount,density_peak,10027,0.1963,0.1963
playcount,ratio_peak_falloff,10027,-0.1962,0.1962
playcount,streak_event_fraction,10027,0.1948,0.1948
bpm_set,ratio_peak_mass_total,10027,0.1933,0.1933
bpm_set,ioi_p99_ms,10027,-0.1931,0.1931
pass_rate,gap_metronome_distance,10027,0.1923,0.1923
rating_mean,gap_random_distance,10027,0.1919,0.1919
passcount,duration_s,10027,-0.189,0.189
passcount,ratio_metronome_distance,10027,-0.1876,0.1876
rating_mean,over_pspace_self,10027,-0.1858,0.1858
passcount,ratio_peak_count,10027,-0.1855,0.1855
playcount,gap_peak_count,10027,-0.1841,0.1841
playcount,total_events,10027,0.1823,0.1823
playcount,gap_peak_falloff,10027,-0.1817,0.1817
pass_rate,gap_peak_count,10027,0.1817,0.1817
rating_mean,ratio_random_distance,10027,0.1796,0.1796
passcount,streak_event_fraction,10027,0.1773,0.1773
playcount,longest_streak,10027,0.1741,0.1741
passcount,density_std,10027,0.1741,0.1741
playcount,ratio_peak_mass_total,10027,0.1739,0.1739
playcount,dominant_ioi_ms,10027,-0.1726,0.1726
playcount,ioi_std_ms,10027,-0.1703,0.1703
playcount,gap_metronome_distance,10027,-0.1695,0.1695
bpm_set,ratio_metronome_distance,10027,-0.1551,0.1551
passcount,gap_peak_count,10027,-0.1523,0.1523
rating_mean,density_std,10027,-0.1512,0.1512
bpm_set,streak_event_fraction,10027,0.1442,0.1442
rating_mean,density_cv,10027,-0.1379,0.1379
bpm_set,ratio_peak_count,10027,-0.1363,0.1363
passcount,ioi_std_ms,10027,-0.1346,0.1346
passcount,over_pspace_self,10027,0.1327,0.1327
passcount,ratio_peak_falloff,10027,-0.1323,0.1323
rating_mean,star_rating,10027,-0.128,0.128
passcount,long_gap_count,10027,-0.1239,0.1239
passcount,ioi_p99_ms,10027,-0.1223,0.1223
rating_mean,density_peak,10027,-0.121,0.121
passcount,ioi_p95_ms,10027,-0.1201,0.1201
passcount,ratio_random_distance,10027,0.12,0.12
passcount,ioi_mean_ms,10027,-0.1198,0.1198
bpm_set,ioi_std_ms,10027,-0.1162,0.1162
passcount,ioi_median_ms,10027,-0.1142,0.1142
rating_mean,ratio_peak_falloff,10027,0.1122,0.1122
bpm_set,ratio_peak_falloff,10027,-0.1105,0.1105
passcount,mean_streak_len,10027,0.1073,0.1073
rating_count,duration_s,10027,-0.1052,0.1052
passcount,gap_metronome_distance,10027,-0.1028,0.1028
rating_mean,total_events,10027,-0.0972,0.0972
playcount,ratio_random_distance,10027,0.0948,0.0948
passcount,gap_peak_falloff,10027,-0.0938,0.0938
rating_mean,events_per_sec,10027,-0.0912,0.0912
bpm_set,duration_s,10027,0.0907,0.0907
bpm_set,density_cv,10027,-0.0883,0.0883
playcount,density_cv,10027,-0.0847,0.0847
rating_mean,long_gap_count,10027,-0.0838,0.0838
passcount,dominant_ioi_ms,10027,-0.083,0.083
rating_mean,density_mean,10027,-0.0808,0.0808
playcount,long_gap_count,10027,-0.0804,0.0804
rating_mean,mean_streak_len,10027,-0.0787,0.0787
pass_rate,gap_random_distance,10027,0.077,0.077
rating_mean,ratio_peak_mass_total,10027,-0.0765,0.0765
rating_mean,gap_peak_count,10027,-0.0762,0.0762
nominations_current,duration_s,10027,-0.0729,0.0729
rating_mean,longest_streak,10027,-0.0719,0.0719
playcount,estimated_bpm,10027,0.0702,0.0702
passcount,gap_random_distance,10027,0.0681,0.0681
rating_mean,gap_peak_mass_total,10027,-0.068,0.068
nominations_current,ratio_peak_mass_total,10027,-0.0679,0.0679
pass_rate,don_ratio,10027,-0.0666,0.0666
nominations_current,gap_peak_mass_total,10027,-0.0666,0.0666
rating_mean,ioi_median_ms,10027,0.0665,0.0665
nominations_current,total_events,10027,-0.0653,0.0653
play_count_set,duration_s,10027,-0.0618,0.0618
rating_mean,gap_metronome_distance,10027,-0.0607,0.0607
passcount,density_cv,10027,-0.0598,0.0598
rating_mean,ratio_metronome_distance,10027,0.0597,0.0597
bpm_set,gap_peak_falloff,10027,-0.0597,0.0597
rating_count,events_per_sec,10027,0.0559,0.0559
bpm_set,gap_peak_count,10027,-0.0555,0.0555
rating_count,ratio_peak_mass_total,10027,-0.0549,0.0549
rating_count,ratio_peak_count,10027,-0.0543,0.0543
nominations_current,star_rating,10027,-0.0538,0.0538
rating_mean,streak_event_fraction,10027,0.0537,0.0537
rating_count,ioi_std_ms,10027,-0.0527,0.0527
rating_count,total_events,10027,-0.0515,0.0515
nominations_current,density_mean,10027,-0.0515,0.0515
nominations_current,events_per_sec,10027,-0.0503,0.0503
rating_count,long_gap_count,10027,-0.0502,0.0502
nominations_current,density_peak,10027,-0.05,0.05
rating_count,density_mean,10027,0.0497,0.0497
nominations_current,over_pspace_self,10027,-0.0495,0.0495
pass_rate,long_gap_count,10027,-0.0491,0.0491
rating_mean,duration_s,10027,-0.049,0.049
rating_count,gap_peak_mass_total,10027,-0.0487,0.0487
bpm_set,longest_streak,10027,0.0483,0.0483
playcount,gap_random_distance,10027,0.0474,0.0474
passcount,longest_streak,10027,0.0462,0.0462
bpm_set,ratio_random_distance,10027,-0.0455,0.0455
favourite_count,ratio_peak_mass_total,10027,-0.0445,0.0445
favourite_count,total_events,10027,-0.0433,0.0433
nominations_current,density_std,10027,-0.0429,0.0429
nominations_current,ratio_metronome_distance,10027,0.0427,0.0427
nominations_current,ioi_mean_ms,10027,0.0426,0.0426
rating_mean,ioi_mean_ms,10027,0.0425,0.0425
nominations_current,ioi_p99_ms,10027,0.0422,0.0422
favourite_count,gap_peak_mass_total,10027,-0.0419,0.0419
rating_count,ioi_p95_ms,10027,-0.0401,0.0401
nominations_current,ioi_p95_ms,10027,0.0401,0.0401
rating_count,streak_event_fraction,10027,0.04,0.04
rating_mean,dominant_ioi_ms,10027,0.0396,0.0396
rating_count,gap_peak_count,10027,-0.0392,0.0392
rating_mean,don_ratio,10027,-0.0386,0.0386
bpm_set,mean_streak_len,10027,0.0386,0.0386
rating_count,ratio_peak_falloff,10027,-0.0383,0.0383
rating_count,ratio_metronome_distance,10027,-0.0383,0.0383
favourite_count,duration_s,10027,-0.0375,0.0375
nominations_current,ioi_median_ms,10027,0.0369,0.0369
rating_count,ioi_mean_ms,10027,-0.0367,0.0367
rating_count,ioi_p99_ms,10027,-0.036,0.036
play_count_set,ioi_std_ms,10027,-0.0351,0.0351
play_count_set,ratio_peak_mass_total,10027,-0.0347,0.0347
bpm_set,don_ratio,10027,0.0339,0.0339
play_count_set,total_events,10027,-0.0333,0.0333
play_count_set,gap_peak_mass_total,10027,-0.0329,0.0329
rating_count,gap_metronome_distance,10027,-0.0329,0.0329
play_count_set,ratio_peak_count,10027,-0.0327,0.0327
rating_count,density_peak,10027,0.0322,0.0322
play_count_set,ratio_random_distance,10027,0.0321,0.0321
rating_count,ratio_random_distance,10027,0.0318,0.0318
nominations_current,dominant_ioi_ms,10027,0.0318,0.0318
play_count_set,gap_peak_count,10027,-0.0316,0.0316
rating_count,density_std,10027,0.0315,0.0315
nominations_current,estimated_bpm,10027,-0.031,0.031
rating_count,ioi_median_ms,10027,-0.0306,0.0306
rating_count,star_rating,10027,0.03,0.03
favourite_count,star_rating,10027,-0.0296,0.0296
rating_count,gap_peak_falloff,10027,-0.0296,0.0296
favourite_count,over_pspace_self,10027,-0.0292,0.0292
play_count_set,gap_random_distance,10027,0.0281,0.0281
rating_count,dominant_ioi_ms,10027,-0.028,0.028
play_count_set,long_gap_count,10027,-0.0277,0.0277
playcount,don_ratio,10027,0.0275,0.0275
rating_mean,short_ioi_pct,10027,-0.0272,0.0272
favourite_count,density_peak,10027,-0.0268,0.0268
pass_rate,short_ioi_pct,10027,-0.0266,0.0266
play_count_set,gap_metronome_distance,10027,-0.0254,0.0254
passcount,ratio_peak_mass_total,10027,-0.0252,0.0252
play_count_set,ioi_p95_ms,10027,-0.0251,0.0251
rating_count,gap_random_distance,10027,0.025,0.025
rating_count,estimated_bpm,10027,0.0249,0.0249
favourite_count,density_mean,10027,-0.0241,0.0241
favourite_count,gap_metronome_distance,10027,-0.0237,0.0237
nominations_current,density_cv,10027,0.0228,0.0228
play_count_set,gap_peak_falloff,10027,-0.0224,0.0224
play_count_set,events_per_sec,10027,0.0221,0.0221
nominations_current,longest_streak,10027,-0.0219,0.0219
pass_rate,ratio_random_distance,10027,0.0216,0.0216
favourite_count,don_ratio,10027,-0.0216,0.0216
rating_mean,ioi_p95_ms,10027,0.0216,0.0216
nominations_current,streak_event_fraction,10027,-0.0215,0.0215
rating_count,density_cv,10027,-0.0214,0.0214
rating_mean,ioi_std_ms,10027,-0.0208,0.0208
play_count_set,ioi_p99_ms,10027,-0.0206,0.0206
favourite_count,estimated_bpm,10027,-0.0205,0.0205
rating_mean,ioi_p99_ms,10027,-0.0204,0.0204
play_count_set,don_ratio,10027,-0.0202,0.0202
favourite_count,longest_streak,10027,-0.0202,0.0202
nominations_current,ratio_peak_falloff,10027,0.0201,0.0201
passcount,estimated_bpm,10027,0.0192,0.0192
favourite_count,events_per_sec,10027,-0.0191,0.0191
bpm_set,gap_random_distance,10027,-0.0191,0.0191
nominations_current,ioi_std_ms,10027,0.0191,0.0191
play_count_set,ioi_mean_ms,10027,-0.0188,0.0188
favourite_count,gap_random_distance,10027,0.0185,0.0185
passcount,total_events,10027,-0.0177,0.0177
favourite_count,gap_peak_count,10027,-0.0177,0.0177
favourite_count,density_std,10027,-0.0174,0.0174
favourite_count,ratio_random_distance,10027,0.0174,0.0174
favourite_count,density_cv,10027,0.0171,0.0171
favourite_count,ioi_p99_ms,10027,0.0167,0.0167
favourite_count,ioi_std_ms,10027,0.016,0.016
nominations_current,long_gap_count,10027,-0.0154,0.0154
rating_count,don_ratio,10027,-0.0152,0.0152
favourite_count,ratio_peak_falloff,10027,-0.0151,0.0151
rating_count,over_pspace_self,10027,0.0144,0.0144
favourite_count,ioi_median_ms,10027,0.0141,0.0141
bpm_set,long_gap_count,10027,0.0139,0.0139
favourite_count,ratio_metronome_distance,10027,-0.0136,0.0136
nominations_current,mean_streak_len,10027,-0.0134,0.0134
favourite_count,ioi_mean_ms,10027,0.0126,0.0126
favourite_count,ratio_peak_count,10027,-0.0126,0.0126
play_count_set,ioi_median_ms,10027,-0.012,0.012
play_count_set,estimated_bpm,10027,0.012,0.012
play_count_set,density_mean,10027,0.0119,0.0119
passcount,gap_peak_mass_total,10027,-0.0118,0.0118
favourite_count,long_gap_count,10027,-0.0115,0.0115
play_count_set,density_std,10027,0.0112,0.0112
play_count_set,dominant_ioi_ms,10027,-0.0102,0.0102
favourite_count,dominant_ioi_ms,10027,0.0102,0.0102
play_count_set,ratio_metronome_distance,10027,-0.0095,0.0095
rating_count,longest_streak,10027,-0.0089,0.0089
playcount,duration_s,10027,-0.0085,0.0085
rating_count,mean_streak_len,10027,0.0084,0.0084
favourite_count,streak_event_fraction,10027,0.0083,0.0083
favourite_count,gap_peak_falloff,10027,-0.0078,0.0078
favourite_count,mean_streak_len,10027,-0.0077,0.0077
nominations_current,don_ratio,10027,0.0077,0.0077
nominations_current,ratio_random_distance,10027,0.0074,0.0074
nominations_current,gap_peak_count,10027,-0.0073,0.0073
play_count_set,streak_event_fraction,10027,0.0068,0.0068
playcount,short_ioi_pct,10027,0.0064,0.0064
play_count_set,longest_streak,10027,-0.0064,0.0064
play_count_set,over_pspace_self,10027,-0.0061,0.0061
bpm_set,short_ioi_pct,10027,0.0057,0.0057
passcount,don_ratio,10027,0.0056,0.0056
rating_count,short_ioi_pct,10027,-0.0054,0.0054
play_count_set,density_peak,10027,0.005,0.005
rating_mean,gap_peak_falloff,10027,0.005,0.005
nominations_current,short_ioi_pct,10027,-0.0048,0.0048
play_count_set,density_cv,10027,0.0045,0.0045
rating_mean,estimated_bpm,10027,-0.0041,0.0041
bpm_set,gap_metronome_distance,10027,0.0041,0.0041
favourite_count,short_ioi_pct,10027,-0.004,0.004
play_count_set,star_rating,10027,0.0029,0.0029
play_count_set,ratio_peak_falloff,10027,-0.0028,0.0028
play_count_set,mean_streak_len,10027,0.0024,0.0024
nominations_current,ratio_peak_count,10027,-0.0024,0.0024
play_count_set,short_ioi_pct,10027,-0.0021,0.0021
nominations_current,gap_metronome_distance,10027,-0.0015,0.0015
passcount,short_ioi_pct,10027,0.0013,0.0013
nominations_current,gap_random_distance,10027,-0.0013,0.0013
rating_mean,ratio_peak_count,10027,-0.0009,0.0009
favourite_count,ioi_p95_ms,10027,0.0004,0.0004
nominations_current,gap_peak_falloff,10027,-0.0002,0.0002
