threshold,tolerance,precision,recall,f1,tp,fp,fn
0.0,0,0.020526,0.125166,0.035269,81900,3908136,572433
0.04,0,0.022711,0.122075,0.038298,79878,3437221,574455
0.08,0,0.02717,0.114442,0.043914,74883,2681217,579450
0.12,0,0.033137,0.10502,0.050378,68718,2005020,585615
0.16,0,0.040004,0.095557,0.056398,62526,1500457,591807
0.2,0,0.047386,0.087654,0.061516,57355,1153032,596978
0.24,0,0.054769,0.081017,0.065356,53012,914902,601321
0.28,0,0.061869,0.07576,0.068113,49572,751668,604761
0.32,0,0.068428,0.070796,0.069592,46324,630653,608009
0.36,0,0.074549,0.066176,0.070113,43301,537542,611032
0.4,0,0.080838,0.062072,0.070223,40616,461820,613717
0.44,0,0.086789,0.058165,0.06965,38059,400466,616274
0.48,0,0.092461,0.054371,0.068476,35577,349202,618756
0.52,0,0.09881,0.05111,0.067372,33443,305016,620890
0.56,0,0.104434,0.047777,0.065561,31262,268084,623071
0.6,0,0.110594,0.044745,0.063713,29278,235455,625055
0.64,0,0.117437,0.042009,0.061882,27488,206577,626845
0.68,0,0.123453,0.03922,0.059528,25663,182213,628670
0.72,0,0.12934,0.036575,0.057024,23932,161100,630401
0.76,0,0.134531,0.033944,0.054211,22211,142888,632122
0.8,0,0.139936,0.031632,0.0516,20698,127212,633635
0.84,0,0.145432,0.029509,0.049063,19309,113461,635024
0.88,0,0.150503,0.027465,0.046452,17971,101435,636362
0.92,0,0.156519,0.02582,0.044328,16895,91047,637438
0.96,0,0.161065,0.024046,0.041845,15734,81953,638599
1.0,0,0.165016,0.02231,0.039305,14598,73866,639735
1.04,0,0.16869,0.020726,0.036917,13562,66834,640771
1.08,0,0.172407,0.019264,0.034656,12605,60507,641728
1.12,0,0.175267,0.017804,0.032325,11650,54820,642683
1.16,0,0.176916,0.016421,0.030053,10745,49990,643588
1.2,0,0.179183,0.015202,0.028026,9947,45566,644386
1.24,0,0.181781,0.014199,0.026341,9291,41820,645042
1.28,0,0.184005,0.013186,0.024608,8628,38262,645705
1.32,0,0.184127,0.012176,0.022841,7967,35302,646366
1.36,0,0.184434,0.011216,0.021146,7339,32453,646994
1.4,0,0.183976,0.010363,0.019621,6781,30077,647552
1.44,0,0.182354,0.009555,0.018158,6252,28033,648081
1.48,0,0.180447,0.008832,0.01684,5779,26247,648554
1.52,0,0.180253,0.008239,0.015758,5391,24517,648942
1.56,0,0.178377,0.007562,0.014509,4948,22791,649385
1.6,0,0.176425,0.00699,0.013448,4574,21352,649759
1.64,0,0.174884,0.00651,0.012554,4260,20099,650073
1.68,0,0.174121,0.006063,0.011717,3967,18816,650366
1.72,0,0.17056,0.00559,0.010826,3658,17789,650675
1.76,0,0.168943,0.005236,0.010157,3426,16853,650907
1.8,0,0.168194,0.004938,0.009594,3231,15979,651102
1.84,0,0.166814,0.004615,0.008982,3020,15084,651313
1.88,0,0.165796,0.004365,0.008506,2856,14370,651477
1.92,0,0.162478,0.004041,0.007885,2644,13629,651689
1.96,0,0.158975,0.003753,0.007334,2456,12993,651877
2.0,0,0.156231,0.003512,0.00687,2298,12411,652035
0.0,1,0.064004,0.390288,0.109973,255378,3734658,398955
0.04,1,0.070889,0.381032,0.119538,249322,3267777,405011
0.08,1,0.084915,0.357667,0.137245,234033,2522067,420300
0.12,1,0.10365,0.328492,0.157579,214943,1858795,439390
0.16,1,0.125408,0.299557,0.176799,196010,1366973,458323
0.2,1,0.148833,0.275311,0.193214,180145,1030242,474188
0.24,1,0.172016,0.254453,0.205267,166497,801417,487836
0.28,1,0.193566,0.237025,0.213102,155093,646147,499240
0.32,1,0.212796,0.22016,0.216415,144058,532919,510275
0.36,1,0.230746,0.20483,0.217017,134027,446816,520306
0.4,1,0.248328,0.190681,0.21572,124769,377667,529564
0.44,1,0.264635,0.177355,0.212377,116049,322476,538284
0.48,1,0.280304,0.164832,0.207591,107855,276924,546478
0.52,1,0.295873,0.153043,0.201736,100141,238318,554192
0.56,1,0.311008,0.142281,0.195242,93099,206247,561234
0.6,1,0.326321,0.132025,0.187991,86388,178345,567945
0.64,1,0.341538,0.122173,0.179969,79942,154123,574391
0.68,1,0.355799,0.113034,0.171564,73962,133914,580371
0.72,1,0.369066,0.104364,0.162716,68289,116743,586044
0.76,1,0.381268,0.0962,0.153636,62947,102152,591386
0.8,1,0.393172,0.088875,0.144979,58154,89756,596179
0.84,1,0.404316,0.082039,0.136401,53681,79089,600652
0.88,1,0.415431,0.07581,0.128222,49605,69801,604728
0.92,1,0.425182,0.07014,0.120416,45895,62047,608438
0.96,1,0.433159,0.064667,0.112534,42314,55373,612019
1.0,1,0.441931,0.059748,0.105264,39095,49369,615238
1.04,1,0.449102,0.05518,0.098284,36106,44290,618227
1.08,1,0.455507,0.050896,0.091562,33303,39809,621030
1.12,1,0.461216,0.046852,0.085063,30657,35813,623676
1.16,1,0.466189,0.043272,0.079192,28314,32421,626019
1.2,1,0.469872,0.039863,0.073492,26084,29429,628249
1.24,1,0.473636,0.036996,0.068632,24208,26903,630125
1.28,1,0.477266,0.034201,0.063828,22379,24511,631954
1.32,1,0.477085,0.031548,0.059183,20643,22626,633690
1.36,1,0.476704,0.02899,0.054656,18969,20823,635364
1.4,1,0.476667,0.02685,0.050837,17569,19289,636764
1.44,1,0.47356,0.024813,0.047155,16236,18049,638097
1.48,1,0.470368,0.023022,0.043895,15064,16962,639269
1.52,1,0.467266,0.021358,0.040848,13975,15933,640358
1.56,1,0.46386,0.019664,0.037729,12867,14872,641466
1.6,1,0.460233,0.018235,0.035081,11932,13994,642401
1.64,1,0.457942,0.017048,0.032872,11155,13204,643178
1.68,1,0.453452,0.015789,0.030515,10331,12452,644002
1.72,1,0.447802,0.014678,0.028423,9604,11843,644729
1.76,1,0.445781,0.013816,0.026801,9040,11239,645293
1.8,1,0.441853,0.012972,0.025204,8488,10722,645845
1.84,1,0.435871,0.01206,0.02347,7891,10213,646442
1.88,1,0.429815,0.011315,0.02205,7404,9822,646929
1.92,1,0.423892,0.010542,0.020572,6898,9375,647435
1.96,1,0.419186,0.009897,0.019338,6476,8973,647857
2.0,1,0.412129,0.009264,0.018121,6062,8647,648271
0.0,2,0.108595,0.662195,0.18659,433296,3556740,221037
0.04,2,0.120284,0.646536,0.202832,423050,3094049,231283
0.08,2,0.144206,0.607405,0.233076,397445,2358655,256888
0.12,2,0.176557,0.559551,0.268419,366133,1707605,288200
0.16,2,0.215054,0.513691,0.303182,336125,1226858,318208
0.2,2,0.255825,0.473225,0.332111,309647,900740,344686
0.24,2,0.295773,0.437519,0.352946,286283,681631,368050
0.28,2,0.331067,0.405396,0.364481,265264,535976,389069
0.32,2,0.362603,0.375151,0.368771,245474,431503,408859
0.36,2,0.390992,0.347079,0.367729,227105,353738,427228
0.4,2,0.417014,0.320209,0.362256,209523,292913,444810
0.44,2,0.440196,0.295013,0.35327,193037,245488,461296
0.48,2,0.461631,0.271461,0.34188,177626,207153,476707
0.52,2,0.481654,0.249139,0.328407,163020,175439,491313
0.56,2,0.499973,0.228729,0.313869,149665,149681,504668
0.6,2,0.517072,0.209199,0.297881,136886,127847,517447
0.64,2,0.534023,0.191028,0.281396,124996,109069,529337
0.68,2,0.548827,0.174358,0.264641,114088,93788,540245
0.72,2,0.561362,0.158742,0.247497,103870,81162,550463
0.76,2,0.572584,0.144472,0.230728,94533,70566,559800
0.8,2,0.583314,0.131856,0.215092,86278,61632,568055
0.84,2,0.593056,0.120336,0.200075,78740,54030,575593
0.88,2,0.602147,0.109883,0.185851,71900,47506,582433
0.92,2,0.609883,0.100609,0.172725,65832,42110,588501
0.96,2,0.615118,0.091832,0.159807,60089,37598,594244
1.0,2,0.621722,0.084055,0.148089,55000,33464,599333
1.04,2,0.626175,0.076936,0.137036,50342,30054,603991
1.08,2,0.629281,0.070313,0.126492,46008,27104,608325
1.12,2,0.630856,0.064085,0.116351,41933,24537,612400
1.16,2,0.631991,0.058661,0.107358,38384,22351,615949
1.2,2,0.632284,0.053642,0.098895,35100,20413,619233
1.24,2,0.634149,0.049534,0.091891,32412,18699,621921
1.28,2,0.635381,0.045532,0.084974,29793,17097,624540
1.32,2,0.634819,0.041979,0.07875,27468,15801,626865
1.36,2,0.634173,0.038566,0.07271,25235,14557,629098
1.4,2,0.63335,0.035676,0.067547,23344,13514,630989
1.44,2,0.629896,0.033005,0.062723,21596,12689,632737
1.48,2,0.624649,0.030573,0.058293,20005,12021,634328
1.52,2,0.622175,0.028438,0.05439,18608,11300,635725
1.56,2,0.618804,0.026233,0.050332,17165,10574,637168
1.6,2,0.616601,0.024431,0.047,15986,9940,638347
1.64,2,0.615296,0.022906,0.044167,14988,9371,639345
1.68,2,0.611904,0.021306,0.041178,13941,8842,640392
1.72,2,0.60843,0.019942,0.038619,13049,8398,641284
1.76,2,0.607772,0.018836,0.03654,12325,7954,642008
1.8,2,0.60354,0.017719,0.034427,11594,7616,642739
1.84,2,0.598155,0.01655,0.032208,10829,7275,643504
1.88,2,0.593638,0.015628,0.030455,10226,7000,644107
1.92,2,0.590672,0.01469,0.028667,9612,6661,644721
1.96,2,0.589294,0.013913,0.027185,9104,6345,645229
2.0,2,0.585288,0.013157,0.025735,8609,6100,645724
0.0,5,0.161217,0.983077,0.277006,643260,3346776,11073
0.04,5,0.180762,0.971611,0.304815,635757,2881342,18576
0.08,5,0.22322,0.94022,0.360785,615217,2140883,39116
0.12,5,0.282238,0.894479,0.429085,585287,1488451,69046
0.16,5,0.351379,0.839328,0.495374,549200,1013783,105133
0.2,5,0.420816,0.778426,0.546302,509350,701037,144983
0.24,5,0.483913,0.715822,0.577453,468386,499528,185947
0.28,5,0.536224,0.656614,0.590343,429644,371596,224689
0.32,5,0.577958,0.597959,0.587788,391264,285713,263069
0.36,5,0.61132,0.542661,0.574948,355081,225762,299252
0.4,5,0.638424,0.49022,0.554591,320767,181669,333566
0.44,5,0.660448,0.442623,0.530029,289623,148902,364710
0.48,5,0.677703,0.398522,0.501902,260766,124013,393567
0.52,5,0.692379,0.358139,0.472087,234342,104117,419991
0.56,5,0.704816,0.322441,0.442463,210984,88362,443349
0.6,5,0.714626,0.289126,0.41169,189185,75548,465148
0.64,5,0.72294,0.258607,0.380944,169215,64850,485118
0.68,5,0.729978,0.231908,0.351991,151745,56131,502588
0.72,5,0.733954,0.207547,0.32359,135805,49227,518528
0.76,5,0.737757,0.186148,0.297286,121803,43296,532530
0.8,5,0.740531,0.167395,0.273064,109532,38378,544801
0.84,5,0.74266,0.150692,0.250547,98603,34167,555730
0.88,5,0.744041,0.135776,0.229646,88843,30563,565490
0.92,5,0.743992,0.122733,0.210706,80308,27634,574025
0.96,5,0.744797,0.111193,0.193498,72757,24930,581576
1.0,5,0.745682,0.100814,0.177615,65966,22498,588367
1.04,5,0.744875,0.091521,0.163012,59885,20511,594448
1.08,5,0.745568,0.083306,0.149867,54510,18602,599823
1.12,5,0.745103,0.075691,0.137422,49527,16943,604806
1.16,5,0.744464,0.069101,0.126463,45215,15520,609118
1.2,5,0.74442,0.063156,0.116434,41325,14188,613008
1.24,5,0.745123,0.058203,0.107972,38084,13027,616249
1.28,5,0.745425,0.053418,0.099692,34953,11937,619380
1.32,5,0.744598,0.049238,0.092368,32218,11051,622115
1.36,5,0.743366,0.045206,0.08523,29580,10212,624753
1.4,5,0.743773,0.041896,0.079324,27414,9444,626919
1.44,5,0.743124,0.038937,0.073997,25478,8807,628855
1.48,5,0.740742,0.036255,0.069127,23723,8303,630610
1.52,5,0.739568,0.033804,0.064653,22119,7789,632214
1.56,5,0.73795,0.031284,0.060023,20470,7269,633863
1.6,5,0.736326,0.029175,0.056126,19090,6836,635243
1.64,5,0.736648,0.027423,0.052878,17944,6415,636389
1.68,5,0.734671,0.02558,0.049439,16738,6045,637595
1.72,5,0.733762,0.02405,0.046574,15737,5710,638596
1.76,5,0.734947,0.022777,0.044185,14904,5375,639429
1.8,5,0.734305,0.021558,0.041886,14106,5104,640227
1.84,5,0.733042,0.020282,0.039471,13271,4833,641062
1.88,5,0.731104,0.019247,0.037507,12594,4632,641739
1.92,5,0.730658,0.018171,0.03546,11890,4383,642443
1.96,5,0.73228,0.017289,0.033781,11313,4136,643020
2.0,5,0.730301,0.016417,0.032112,10742,3967,643591
0.0,10,0.163855,0.999169,0.281541,653789,3336247,544
0.04,10,0.184897,0.993836,0.311787,650300,2866799,4033
0.08,10,0.231414,0.974733,0.374029,637800,2118300,16533
0.12,10,0.296586,0.939953,0.450899,615042,1458696,39291
0.16,10,0.372554,0.889906,0.525225,582295,980688,72038
0.2,10,0.447103,0.827053,0.580428,541168,669219,113165
0.24,10,0.512766,0.758502,0.611883,496313,471601,158020
0.28,10,0.56533,0.692255,0.622387,452965,348275,201368
0.32,10,0.60635,0.627333,0.616663,410485,266492,243848
0.36,10,0.638038,0.566378,0.600076,370600,210243,283733
0.4,10,0.663599,0.509551,0.576461,333416,169020,320917
0.44,10,0.684043,0.458436,0.548964,299970,138555,354363
0.48,10,0.699534,0.411359,0.518069,269166,115613,385167
0.52,10,0.712166,0.368374,0.485578,241039,97420,413294
0.56,10,0.723156,0.330832,0.453977,216474,82872,437859
0.6,10,0.731662,0.296019,0.421504,193695,71038,460638
0.64,10,0.738517,0.264179,0.389152,172861,61204,481472
0.68,10,0.744093,0.236392,0.358797,154679,53197,499654
0.72,10,0.747368,0.21134,0.329504,138287,46745,516046
0.76,10,0.750689,0.189411,0.302497,123938,41161,530395
0.8,10,0.752789,0.170166,0.277584,111345,36565,542988
0.84,10,0.754387,0.153072,0.254503,100160,32610,554173
0.88,10,0.755515,0.13787,0.233187,90213,29193,564120
0.92,10,0.755795,0.12468,0.214049,81582,26360,572751
0.96,10,0.756825,0.112988,0.196622,73932,23755,580401
1.0,10,0.757766,0.102448,0.180493,67035,21429,587298
1.04,10,0.757239,0.09304,0.165718,60879,19517,593454
1.08,10,0.758056,0.084702,0.152377,55423,17689,598910
1.12,10,0.757725,0.076973,0.13975,50366,16104,603967
1.16,10,0.75729,0.070291,0.128642,45994,14741,608339
1.2,10,0.757624,0.064276,0.118499,42058,13455,612275
1.24,10,0.758878,0.059277,0.109965,38787,12324,615546
1.28,10,0.759074,0.054396,0.101517,35593,11297,618740
1.32,10,0.758626,0.050166,0.094108,32825,10444,621508
1.36,10,0.757966,0.046094,0.086904,30161,9631,624172
1.4,10,0.758587,0.042731,0.080904,27960,8898,626373
1.44,10,0.758553,0.039746,0.075534,26007,8278,628326
1.48,10,0.756417,0.037022,0.07059,24225,7801,630108
1.52,10,0.755149,0.034516,0.066015,22585,7323,631748
1.56,10,0.754281,0.031976,0.061351,20923,6816,633410
1.6,10,0.753336,0.029849,0.057422,19531,6395,634802
1.64,10,0.75389,0.028065,0.054116,18364,5995,635969
1.68,10,0.752403,0.026198,0.050632,17142,5641,637191
1.72,10,0.751667,0.024637,0.047711,16121,5326,638212
1.76,10,0.753637,0.023357,0.045309,15283,4996,639050
1.8,10,0.753722,0.022128,0.042994,14479,4731,639854
1.84,10,0.753093,0.020836,0.040551,13634,4470,640699
1.88,10,0.751829,0.019793,0.03857,12951,4275,641382
1.92,10,0.750753,0.018671,0.036436,12217,4056,642116
1.96,10,0.752929,0.017777,0.034734,11632,3817,642701
2.0,10,0.751513,0.016894,0.033044,11054,3655,643279
0.0,20,0.163987,0.999971,0.281767,654314,3335722,19
0.04,20,0.185502,0.99709,0.312808,652429,2864670,1904
0.08,20,0.233776,0.984681,0.377846,644309,2111791,10024
0.12,20,0.302511,0.95873,0.459907,627329,1446409,27004
0.16,20,0.384019,0.917293,0.541389,600215,962768,54118
0.2,20,0.464947,0.860061,0.603593,562766,647621,91567
0.24,20,0.535266,0.791785,0.638733,518091,449823,136242
0.28,20,0.590387,0.722938,0.649974,473042,328198,181291
0.32,20,0.632497,0.654385,0.643255,428186,248791,226147
0.36,20,0.664572,0.589932,0.625032,386012,194831,268321
0.4,20,0.689604,0.529519,0.599051,346482,155954,307851
0.44,20,0.708728,0.47498,0.568775,310795,127730,343538
0.48,20,0.722841,0.425065,0.53533,278134,106645,376199
0.52,20,0.734343,0.379845,0.500699,248545,89914,405788
0.56,20,0.744473,0.340583,0.467359,222855,76491,431478
0.6,20,0.752033,0.304261,0.43324,199088,65645,455245
0.64,20,0.757781,0.27107,0.399303,177370,56695,476963
0.68,20,0.762647,0.242286,0.367744,158536,49340,495797
0.72,20,0.765305,0.216413,0.337412,141606,43426,512727
0.76,20,0.768363,0.193871,0.309619,126856,38243,527477
0.8,20,0.769901,0.174034,0.283894,113876,34034,540457
0.84,20,0.77156,0.156556,0.260296,102440,30330,551893
0.88,20,0.77301,0.141063,0.238587,92302,27104,562031
0.92,20,0.77298,0.127515,0.218916,83437,24505,570896
0.96,20,0.774166,0.115577,0.201128,75626,22061,578707
1.0,20,0.774801,0.104751,0.184551,68542,19922,585791
1.04,20,0.774504,0.095161,0.169497,62267,18129,592066
1.08,20,0.77488,0.086581,0.155759,56653,16459,597680
1.12,20,0.773958,0.078622,0.142744,51445,15025,602888
1.16,20,0.773146,0.071763,0.131336,46957,13778,607376
1.2,20,0.773747,0.065644,0.121021,42953,12560,611380
1.24,20,0.774784,0.06052,0.11227,39600,11511,614733
1.28,20,0.774344,0.05549,0.103559,36309,10581,618024
1.32,20,0.773672,0.05116,0.095974,33476,9793,620857
1.36,20,0.772743,0.046993,0.088598,30749,9043,623584
1.4,20,0.773156,0.043551,0.082458,28497,8361,625836
1.44,20,0.772758,0.04049,0.076948,26494,7791,627839
1.48,20,0.770218,0.037698,0.071878,24667,7359,629666
1.52,20,0.76859,0.03513,0.06719,22987,6921,631346
1.56,20,0.767367,0.032531,0.062416,21286,6453,633047
1.6,20,0.766759,0.030381,0.058445,19879,6047,634454
1.64,20,0.767314,0.028565,0.055079,18691,5668,635642
1.68,20,0.765132,0.026641,0.051489,17432,5351,636901
1.72,20,0.764536,0.025059,0.048528,16397,5050,637936
1.76,20,0.766655,0.02376,0.046092,15547,4732,638786
1.8,20,0.7671,0.022521,0.043757,14736,4474,639597
1.84,20,0.766571,0.021209,0.041277,13878,4226,640455
1.88,20,0.764948,0.020138,0.039243,13177,4049,641156
1.92,20,0.764211,0.019006,0.037089,12436,3837,641897
1.96,20,0.766134,0.018089,0.035343,11836,3613,642497
2.0,20,0.764022,0.017175,0.033594,11238,3471,643095
