subset,size,recall,precision_lower,precision_upper,f1,n_pred_union,n_tp_unique
energy,1,0.7802112991397346,0.5516572908044511,0.5516572908044511,0.6463239013039331,925426,510518
hfc_mel,1,0.7718103778962699,0.5256583466910922,0.5256583466910922,0.625384734931486,960740,505021
log_filtered_flux,1,0.6536335474444969,0.4750988923830926,0.4750988923830926,0.5502465658960705,900221,427694
spectral_flux,1,0.742495029289368,0.6254203032877629,0.6254203032877629,0.678947673658931,776820,485839
subband_sf_4,1,0.742495029289368,0.6254203032877629,0.6254203032877629,0.678947673658931,776820,485839
subband_sf_8,1,0.742495029289368,0.6254203032877629,0.6254203032877629,0.678947673658931,776820,485839
superflux,1,0.6922545554022187,0.5653299885177974,0.5653299885177974,0.622387197344276,801240,452965
energy+hfc_mel,2,0.8349326718964197,0.28964788889206994,0.5384144343604964,0.4300918835236699,1886166,546324
energy+log_filtered_flux,2,0.9041619481212165,0.3240620996282414,0.5139065766821297,0.4771191703158897,1825647,591623
energy+spectral_flux,2,0.9004207337853968,0.3461162487678044,0.585319043193522,0.5000256728079135,1702246,589175
energy+subband_sf_4,2,0.9004207337853968,0.3461162487678044,0.585319043193522,0.5000256728079135,1702246,589175
energy+subband_sf_8,2,0.9004207337853968,0.3461162487678044,0.585319043193522,0.5000256728079135,1702246,589175
energy+superflux,2,0.8948960238899765,0.3391275440646888,0.5580019528965069,0.4918607693661359,1726666,585560
hfc_mel+log_filtered_flux,2,0.9051461564677312,0.31825868462584656,0.5012007237121036,0.47093262258805535,1860961,592267
hfc_mel+spectral_flux,2,0.9052347963498708,0.3408947029167338,0.5702594442781832,0.49527717167950236,1737560,592325
hfc_mel+subband_sf_4,2,0.9052347963498708,0.3408947029167338,0.5702594442781832,0.49527717167950236,1737560,592325
hfc_mel+subband_sf_8,2,0.9052347963498708,0.3408947029167338,0.5702594442781832,0.49527717167950236,1737560,592325
hfc_mel+superflux,2,0.8983056028046882,0.33359686262046107,0.5436985663855436,0.4865189236659323,1761980,587791
log_filtered_flux+spectral_flux,2,0.7608740503688489,0.29687109617475066,0.5447290793725377,0.4271000706021428,1677041,497865
log_filtered_flux+subband_sf_4,2,0.7608740503688489,0.29687109617475066,0.5447290793725377,0.4271000706021428,1677041,497865
log_filtered_flux+subband_sf_8,2,0.7608740503688489,0.29687109617475066,0.5447290793725377,0.4271000706021428,1677041,497865
log_filtered_flux+superflux,2,0.7418699652929013,0.28530186704250055,0.5175898830475691,0.4121158301617205,1701461,485430
spectral_flux+subband_sf_4,2,0.742495029289368,0.31271015164388144,0.6254203032877629,0.4400769393466315,1553640,485839
spectral_flux+subband_sf_8,2,0.742495029289368,0.31271015164388144,0.6254203032877629,0.4400769393466315,1553640,485839
spectral_flux+superflux,2,0.7649071650061972,0.3171641128981154,0.5949102062025525,0.44840133435286716,1578060,500504
subband_sf_4+subband_sf_8,2,0.742495029289368,0.31271015164388144,0.6254203032877629,0.4400769393466315,1553640,485839
subband_sf_4+superflux,2,0.7649071650061972,0.3171641128981154,0.5949102062025525,0.44840133435286716,1578060,500504
subband_sf_8+superflux,2,0.7649071650061972,0.3171641128981154,0.5949102062025525,0.44840133435286716,1578060,500504
energy+hfc_mel+log_filtered_flux,3,0.9321385288530458,0.2188960112145226,0.5179585606737327,0.3545356785789021,2786387,609929
energy+hfc_mel+spectral_flux,3,0.9268766820563842,0.22774659724084168,0.563794927949302,0.3656482840510666,2662986,606486
energy+hfc_mel+subband_sf_4,3,0.9268766820563842,0.22774659724084168,0.563794927949302,0.3656482840510666,2662986,606486
energy+hfc_mel+subband_sf_8,3,0.9268766820563842,0.22774659724084168,0.563794927949302,0.3656482840510666,2662986,606486
energy+hfc_mel+superflux,3,0.92207331740872,0.2245075734741978,0.5464392056875663,0.36109522616817175,2687406,603343
energy+log_filtered_flux+spectral_flux,3,0.912995370858569,0.22955257453792882,0.5471927213678406,0.3668650208793908,2602467,597403
energy+log_filtered_flux+subband_sf_4,3,0.912995370858569,0.22955257453792882,0.5471927213678406,0.3668650208793908,2602467,597403
energy+log_filtered_flux+subband_sf_8,3,0.912995370858569,0.22955257453792882,0.5471927213678406,0.3668650208793908,2602467,597403
energy+log_filtered_flux+superflux,3,0.9152923664250465,0.22799077387036443,0.5295914898509148,0.36505080427402004,2626887,598906
energy+spectral_flux+subband_sf_4,3,0.9004207337853968,0.2376600703652101,0.5978848485679688,0.37606126765215664,2479066,589175
energy+spectral_flux+subband_sf_8,3,0.9004207337853968,0.2376600703652101,0.5978848485679688,0.37606126765215664,2479066,589175
energy+spectral_flux+superflux,3,0.9072032130429002,0.2371145674471517,0.5789215517881866,0.37596391686793956,2503486,593613
energy+subband_sf_4+subband_sf_8,3,0.9004207337853968,0.2376600703652101,0.5978848485679688,0.37606126765215664,2479066,589175
energy+subband_sf_4+superflux,3,0.9072032130429002,0.2371145674471517,0.5789215517881866,0.37596391686793956,2503486,593613
energy+subband_sf_8+superflux,3,0.9072032130429002,0.2371145674471517,0.5789215517881866,0.37596391686793956,2503486,593613
hfc_mel+log_filtered_flux+spectral_flux,3,0.9168955256727079,0.22744685779448712,0.5377830835842703,0.3644800878705901,2637781,599955
hfc_mel+log_filtered_flux+subband_sf_4,3,0.9168955256727079,0.22744685779448712,0.5377830835842703,0.3644800878705901,2637781,599955
hfc_mel+log_filtered_flux+subband_sf_8,3,0.9168955256727079,0.22744685779448712,0.5377830835842703,0.3644800878705901,2637781,599955
hfc_mel+log_filtered_flux+superflux,3,0.9179637890798722,0.22562308405713918,0.520501645067371,0.3622179058016592,2662201,600654
hfc_mel+spectral_flux+subband_sf_4,3,0.9052347963498708,0.23557497275670344,0.587301442105012,0.37385840876090703,2514380,592325
hfc_mel+spectral_flux+subband_sf_8,3,0.9052347963498708,0.23557497275670344,0.587301442105012,0.37385840876090703,2514380,592325
hfc_mel+spectral_flux+superflux,3,0.9117559407824456,0.23498975894123209,0.5687037182921065,0.37367187649246053,2538800,596592
hfc_mel+subband_sf_4+subband_sf_8,3,0.9052347963498708,0.23557497275670344,0.587301442105012,0.37385840876090703,2514380,592325
hfc_mel+subband_sf_4+superflux,3,0.9117559407824456,0.23498975894123209,0.5687037182921065,0.37367187649246053,2538800,596592
hfc_mel+subband_sf_8+superflux,3,0.9117559407824456,0.23498975894123209,0.5687037182921065,0.37367187649246053,2538800,596592
log_filtered_flux+spectral_flux+subband_sf_4,3,0.7608740503688489,0.20289046527085275,0.5702735403513076,0.3203564513669353,2453861,497865
log_filtered_flux+spectral_flux+subband_sf_8,3,0.7608740503688489,0.20289046527085275,0.5702735403513076,0.3203564513669353,2453861,497865
log_filtered_flux+spectral_flux+superflux,3,0.7795006518087885,0.20580918790080704,0.5513894509944595,0.3256405034262121,2478281,510053
log_filtered_flux+subband_sf_4+subband_sf_8,3,0.7608740503688489,0.20289046527085275,0.5702735403513076,0.3203564513669353,2453861,497865
log_filtered_flux+subband_sf_4+superflux,3,0.7795006518087885,0.20580918790080704,0.5513894509944595,0.3256405034262121,2478281,510053
log_filtered_flux+subband_sf_8+superflux,3,0.7795006518087885,0.20580918790080704,0.5513894509944595,0.3256405034262121,2478281,510053
spectral_flux+subband_sf_4+subband_sf_8,3,0.742495029289368,0.2084734344292543,0.6254203032877629,0.3255428433395549,2330460,485839
spectral_flux+subband_sf_4+superflux,3,0.7649071650061972,0.2125390678081261,0.6049747757847533,0.3326477720254432,2354880,500504
spectral_flux+subband_sf_8+superflux,3,0.7649071650061972,0.2125390678081261,0.6049747757847533,0.3326477720254432,2354880,500504
subband_sf_4+subband_sf_8+superflux,3,0.7649071650061972,0.2125390678081261,0.6049747757847533,0.3326477720254432,2354880,500504
energy+hfc_mel+log_filtered_flux+spectral_flux,4,0.9377427089876256,0.17220329888215868,0.5413864532708877,0.2909734110405592,3563207,613596
energy+hfc_mel+log_filtered_flux+subband_sf_4,4,0.9377427089876256,0.17220329888215868,0.5413864532708877,0.2909734110405592,3563207,613596
energy+hfc_mel+log_filtered_flux+subband_sf_8,4,0.9377427089876256,0.17220329888215868,0.5413864532708877,0.2909734110405592,3563207,613596
energy+hfc_mel+log_filtered_flux+superflux,4,0.9392190215073976,0.17130041668211327,0.5285382231764897,0.289753793057926,3587627,614562
energy+hfc_mel+spectral_flux+subband_sf_4,4,0.9268766820563842,0.17631401305771313,0.5777119407315413,0.2962703513485986,3439806,606486
energy+hfc_mel+spectral_flux+subband_sf_8,4,0.9268766820563842,0.17631401305771313,0.5777119407315413,0.2962703513485986,3439806,606486
energy+hfc_mel+spectral_flux+superflux,4,0.9314890124752992,0.17594233170699602,0.564149971739719,0.2959792490528848,3464226,609504
energy+hfc_mel+subband_sf_4+subband_sf_8,4,0.9268766820563842,0.17631401305771313,0.5777119407315413,0.2962703513485986,3439806,606486
energy+hfc_mel+subband_sf_4+superflux,4,0.9314890124752992,0.17594233170699602,0.564149971739719,0.2959792490528848,3464226,609504
energy+hfc_mel+subband_sf_8+superflux,4,0.9314890124752992,0.17594233170699602,0.564149971739719,0.2959792490528848,3464226,609504
energy+log_filtered_flux+spectral_flux+subband_sf_4,4,0.912995370858569,0.17678374165911329,0.565175434936423,0.2962118394890941,3379287,597403
energy+log_filtered_flux+spectral_flux+subband_sf_8,4,0.912995370858569,0.17678374165911329,0.565175434936423,0.2962118394890941,3379287,597403
energy+log_filtered_flux+spectral_flux+superflux,4,0.9179836566396621,0.17647435575388834,0.5514622733390389,0.29603798878276216,3403707,600667
energy+log_filtered_flux+subband_sf_4+subband_sf_8,4,0.912995370858569,0.17678374165911329,0.565175434936423,0.2962118394890941,3379287,597403
energy+log_filtered_flux+subband_sf_4+superflux,4,0.9179836566396621,0.17647435575388834,0.5514622733390389,0.29603798878276216,3403707,600667
energy+log_filtered_flux+subband_sf_8+superflux,4,0.9179836566396621,0.17647435575388834,0.5514622733390389,0.29603798878276216,3403707,600667
energy+spectral_flux+subband_sf_4+subband_sf_8,4,0.9004207337853968,0.18095688853970932,0.6044545171421849,0.30135140768330365,3255886,589175
energy+spectral_flux+subband_sf_4+superflux,4,0.9072032130429002,0.1809626906758089,0.5899330733169406,0.3017369573167958,3280306,593613
energy+spectral_flux+subband_sf_8+superflux,4,0.9072032130429002,0.1809626906758089,0.5899330733169406,0.3017369573167958,3280306,593613
energy+subband_sf_4+subband_sf_8+superflux,4,0.9072032130429002,0.1809626906758089,0.5899330733169406,0.3017369573167958,3280306,593613
hfc_mel+log_filtered_flux+spectral_flux+subband_sf_4,4,0.9168955256727079,0.17570281271516058,0.557720506729776,0.2948954197831668,3414601,599955
hfc_mel+log_filtered_flux+spectral_flux+subband_sf_8,4,0.9168955256727079,0.17570281271516058,0.557720506729776,0.2948954197831668,3414601,599955
hfc_mel+log_filtered_flux+spectral_flux+superflux,4,0.9217875302025116,0.17538596013225857,0.5442010967656202,0.29470014076476164,3439021,603156
hfc_mel+log_filtered_flux+subband_sf_4+subband_sf_8,4,0.9168955256727079,0.17570281271516058,0.557720506729776,0.2948954197831668,3414601,599955
hfc_mel+log_filtered_flux+subband_sf_4+superflux,4,0.9217875302025116,0.17538596013225857,0.5442010967656202,0.29470014076476164,3439021,603156
hfc_mel+log_filtered_flux+subband_sf_8+superflux,4,0.9217875302025116,0.17538596013225857,0.5442010967656202,0.29470014076476164,3439021,603156
hfc_mel+spectral_flux+subband_sf_4+subband_sf_8,4,0.9052347963498708,0.17997235051045213,0.5962986144871172,0.3002509420146784,3291200,592325
hfc_mel+spectral_flux+subband_sf_4+superflux,4,0.9117559407824456,0.17993376804338254,0.5819919049830801,0.3005536841368147,3315620,596592
hfc_mel+spectral_flux+subband_sf_8+superflux,4,0.9117559407824456,0.17993376804338254,0.5819919049830801,0.3005536841368147,3315620,596592
hfc_mel+subband_sf_4+subband_sf_8+superflux,4,0.9117559407824456,0.17993376804338254,0.5819919049830801,0.3005536841368147,3315620,596592
log_filtered_flux+spectral_flux+subband_sf_4+subband_sf_8,4,0.7608740503688489,0.15410527997038395,0.5835336265016571,0.256300234696709,3230681,497865
log_filtered_flux+spectral_flux+subband_sf_4+superflux,4,0.7795006518087885,0.15669344822172954,0.5690566897924212,0.2609344472882775,3255101,510053
log_filtered_flux+spectral_flux+subband_sf_8+superflux,4,0.7795006518087885,0.15669344822172954,0.5690566897924212,0.2609344472882775,3255101,510053
log_filtered_flux+subband_sf_4+subband_sf_8+superflux,4,0.7795006518087885,0.15669344822172954,0.5690566897924212,0.2609344472882775,3255101,510053
spectral_flux+subband_sf_4+subband_sf_8+superflux,4,0.7649071650061972,0.15981862885972475,0.6100463007312322,0.2643949484856577,3131700,500504
